size_label,N,K,S,P,time_seconds
small,100000,10,100,1,0.17
small,100000,10,100,2,0.174
small,100000,10,100,4,0.213
small,100000,10,100,8,0.259
medium,500000,20,500,1,0.216
medium,500000,20,500,2,0.219
medium,500000,20,500,4,0.325
medium,500000,20,500,8,0.359
large,2000000,50,1000,1,0.397
large,2000000,50,1000,2,0.426
large,2000000,50,1000,4,0.741
large,2000000,50,1000,8,0.781
very_large,5000000,100,2000,1,1.349
very_large,5000000,100,2000,2,2.783
very_large,5000000,100,2000,4,2.822
very_large,5000000,100,2000,8,3.028
