workers,records,batch_size,total_time_sec,throughput_rec_per_sec,speedup,peak_memory_mb
1,100000,500,0.1691,591508.7,1.0,82.83
2,100000,500,0.1588,629802.2,1.065,119.67
3,100000,500,0.1543,648201.0,1.096,158.54
4,100000,500,0.1584,631220.1,1.067,196.41
5,100000,500,0.1572,636253.0,1.076,235.23
6,100000,500,0.1487,672321.2,1.137,274.78
8,100000,500,0.1581,632386.5,1.069,349.37
10,100000,500,0.1537,650662.8,1.1,427.64
12,100000,500,0.1446,691609.8,1.169,505.37
16,100000,500,0.1536,651229.7,1.101,655.43
