concurrent_clients,total_queries,stream_throughput,p50_latency_ms,p95_latency_ms,p99_latency_ms,avg_latency_ms
0,0,331941.2,0.0,0.0,0.0,0.0
1,18,320982.8,2.33,3.64,5.15,2.67
2,34,340000.3,2.8,4.97,5.19,2.94
4,66,336472.9,2.99,5.84,7.34,3.23
6,104,308136.7,3.12,7.83,18.58,4.03
8,137,314878.8,3.39,6.37,9.88,3.7
12,201,331867.4,2.85,6.11,13.96,3.45
16,264,326647.5,3.53,7.07,13.37,3.9
20,310,332884.5,4.43,8.77,17.6,4.99
24,324,297807.1,10.65,13.46,19.76,10.81
32,326,302802.7,19.26,22.32,28.04,19.26
